module_path,bucket,owner_package,reason
__init__.py,runtime_support_internal_review,agentic-proteins-compat,Top-level package export surface remains as the single intentional compat-owned bridge while canonical runtime and domain surfaces move downstream.
agents/__init__.py,runtime_execution_ownership,bijux-proteomics-runtime,Agent package exports now forward directly to canonical runtime agent orchestration surfaces.
agents/analysis/__init__.py,runtime_execution_ownership,bijux-proteomics-runtime,Agent analysis package exports now forward directly to canonical runtime analysis surfaces.
agents/analysis/failure_analysis.py,runtime_execution_ownership,bijux-proteomics-runtime,Failure analysis agents now forward directly to canonical runtime analysis implementations.
agents/analysis/sequence_analysis.py,runtime_execution_ownership,bijux-proteomics-runtime,Sequence analysis agents now forward directly to canonical runtime analysis implementations.
agents/analysis/structure.py,runtime_execution_ownership,bijux-proteomics-runtime,Structure analysis agents now forward directly to canonical runtime analysis implementations.
agents/base/__init__.py,runtime_execution_ownership,bijux-proteomics-runtime,Agent base package exports now forward directly to canonical runtime agent base surfaces.
agents/base/base.py,runtime_execution_ownership,bijux-proteomics-runtime,Agent base classes now forward directly to canonical runtime agent base implementations.
agents/catalog.py,runtime_support_internal_review,bijux-proteomics-runtime,Agent orchestration support appears runtime-adjacent and requires module-level semantic review before canonical placement.
agents/contracts.py,runtime_support_internal_review,bijux-proteomics-runtime,Agent orchestration support appears runtime-adjacent and requires module-level semantic review before canonical placement.
agents/execution/__init__.py,runtime_execution_ownership,bijux-proteomics-runtime,Agent execution package exports now forward directly to canonical runtime execution-agent surfaces.
agents/execution/coordinator.py,runtime_execution_ownership,bijux-proteomics-runtime,Coordinator agent execution now forwards directly to canonical runtime execution-agent implementations.
agents/planning/__init__.py,runtime_execution_ownership,bijux-proteomics-runtime,Agent planning package exports now forward directly to canonical runtime planning surfaces.
agents/planning/compiler.py,runtime_execution_ownership,bijux-proteomics-runtime,Planning compiler helpers now forward directly to canonical runtime planning implementations.
agents/planning/generation.py,runtime_execution_ownership,bijux-proteomics-runtime,Planning generation helpers now forward directly to canonical runtime planning implementations.
agents/planning/planner.py,runtime_execution_ownership,bijux-proteomics-runtime,Planning coordinator helpers now forward directly to canonical runtime planning implementations.
agents/planning/schemas.py,runtime_execution_ownership,bijux-proteomics-runtime,Planning schemas now forward directly to canonical runtime planning contracts.
agents/planning/validation.py,runtime_execution_ownership,bijux-proteomics-runtime,Planning validation now forwards directly to canonical runtime planning validation surfaces.
agents/reporting/__init__.py,runtime_execution_ownership,bijux-proteomics-runtime,Agent reporting package exports now forward directly to canonical runtime reporting-agent surfaces.
agents/reporting/reporting.py,runtime_execution_ownership,bijux-proteomics-runtime,Reporting agents now forward directly to canonical runtime reporting-agent implementations.
agents/schemas.py,runtime_execution_ownership,bijux-proteomics-runtime,Agent schemas now forward directly to canonical runtime agent contract surfaces.
agents/verification/__init__.py,runtime_execution_ownership,bijux-proteomics-runtime,Agent verification package exports now forward directly to canonical runtime verification-agent surfaces.
agents/verification/critic.py,runtime_execution_ownership,bijux-proteomics-runtime,Verification critic agents now forward directly to canonical runtime verification implementations.
agents/verification/input_validation.py,runtime_execution_ownership,bijux-proteomics-runtime,Input validation agents now forward directly to canonical runtime verification implementations.
agents/verification/quality_control.py,runtime_execution_ownership,bijux-proteomics-runtime,Quality-control agents now forward directly to canonical runtime verification implementations.
execution/__init__.py,runtime_execution_ownership,bijux-proteomics-runtime,Execution bridge modules now forward directly to canonical runtime run-control and artifact surfaces.
execution/analysis.py,runtime_execution_ownership,bijux-proteomics-runtime,Execution bridge modules now forward directly to canonical runtime run-control and artifact surfaces.
execution/artifacts.py,runtime_execution_ownership,bijux-proteomics-runtime,Execution bridge modules now forward directly to canonical runtime run-control and artifact surfaces.
execution/compiler/__init__.py,runtime_execution_ownership,bijux-proteomics-runtime,Execution boundary compilation belongs to runtime orchestration boundaries.
execution/compiler/boundary.py,runtime_execution_ownership,bijux-proteomics-runtime,Execution boundary compilation belongs to runtime orchestration boundaries.
execution/evaluation/__init__.py,runtime_execution_ownership,bijux-proteomics-runtime,Execution bridge modules now forward directly to canonical runtime run-control and artifact surfaces.
execution/evaluation/evaluation.py,runtime_execution_ownership,bijux-proteomics-runtime,Execution bridge modules now forward directly to canonical runtime run-control and artifact surfaces.
execution/evaluation/observations.py,runtime_execution_ownership,bijux-proteomics-runtime,Execution bridge modules now forward directly to canonical runtime run-control and artifact surfaces.
execution/evaluation/schemas.py,runtime_execution_ownership,bijux-proteomics-runtime,Execution bridge modules now forward directly to canonical runtime run-control and artifact surfaces.
execution/graphs.py,runtime_execution_ownership,bijux-proteomics-runtime,Execution bridge modules now forward directly to canonical runtime run-control and artifact surfaces.
execution/logging.py,runtime_execution_ownership,bijux-proteomics-runtime,Execution bridge modules now forward directly to canonical runtime run-control and artifact surfaces.
execution/manager.py,runtime_execution_ownership,bijux-proteomics-runtime,Execution bridge modules now forward directly to canonical runtime run-control and artifact surfaces.
execution/run_config.py,runtime_execution_ownership,bijux-proteomics-runtime,Execution bridge modules now forward directly to canonical runtime run-control and artifact surfaces.
execution/runtime/__init__.py,runtime_execution_ownership,bijux-proteomics-runtime,Execution runtime drivers are canonical runtime execution surfaces.
execution/runtime/executor.py,runtime_execution_ownership,bijux-proteomics-runtime,Execution runtime drivers are canonical runtime execution surfaces.
execution/runtime/integration.py,runtime_execution_ownership,bijux-proteomics-runtime,Execution runtime drivers are canonical runtime execution surfaces.
execution/schemas.py,runtime_execution_ownership,bijux-proteomics-runtime,Execution bridge modules now forward directly to canonical runtime run-control and artifact surfaces.
execution/state_machine.py,runtime_execution_ownership,bijux-proteomics-runtime,Execution bridge modules now forward directly to canonical runtime run-control and artifact surfaces.
execution/telemetry.py,runtime_execution_ownership,bijux-proteomics-runtime,Execution bridge modules now forward directly to canonical runtime run-control and artifact surfaces.
execution/tool_reliability.py,runtime_execution_ownership,bijux-proteomics-runtime,Execution bridge modules now forward directly to canonical runtime run-control and artifact surfaces.
execution/validation.py,runtime_execution_ownership,bijux-proteomics-runtime,Execution bridge modules now forward directly to canonical runtime run-control and artifact surfaces.
interfaces/__init__.py,runtime_execution_ownership,bijux-proteomics-runtime,Operator-facing CLI/runtime interface entrypoints belong to canonical runtime ownership.
interfaces/cli.py,runtime_execution_ownership,bijux-proteomics-runtime,Operator-facing CLI/runtime interface entrypoints belong to canonical runtime ownership.
interfaces/http/__init__.py,runtime_execution_ownership,bijux-proteomics-runtime,Operator-facing CLI/runtime interface entrypoints belong to canonical runtime ownership.
interfaces/http/app.py,runtime_execution_ownership,bijux-proteomics-runtime,Operator-facing CLI/runtime interface entrypoints belong to canonical runtime ownership.
interfaces/http/deps.py,runtime_execution_ownership,bijux-proteomics-runtime,Operator-facing CLI/runtime interface entrypoints belong to canonical runtime ownership.
interfaces/http/errors.py,runtime_execution_ownership,bijux-proteomics-runtime,Operator-facing CLI/runtime interface entrypoints belong to canonical runtime ownership.
interfaces/http/middleware.py,runtime_execution_ownership,bijux-proteomics-runtime,Operator-facing CLI/runtime interface entrypoints belong to canonical runtime ownership.
interfaces/http/v1/__init__.py,runtime_execution_ownership,bijux-proteomics-runtime,Operator-facing CLI/runtime interface entrypoints belong to canonical runtime ownership.
interfaces/http/v1/endpoints/__init__.py,runtime_execution_ownership,bijux-proteomics-runtime,Operator-facing CLI/runtime interface entrypoints belong to canonical runtime ownership.
interfaces/http/v1/endpoints/compare.py,runtime_execution_ownership,bijux-proteomics-runtime,Operator-facing CLI/runtime interface entrypoints belong to canonical runtime ownership.
interfaces/http/v1/endpoints/inspect.py,runtime_execution_ownership,bijux-proteomics-runtime,Operator-facing CLI/runtime interface entrypoints belong to canonical runtime ownership.
interfaces/http/v1/endpoints/resume.py,runtime_execution_ownership,bijux-proteomics-runtime,Operator-facing CLI/runtime interface entrypoints belong to canonical runtime ownership.
interfaces/http/v1/endpoints/run.py,runtime_execution_ownership,bijux-proteomics-runtime,Operator-facing CLI/runtime interface entrypoints belong to canonical runtime ownership.
interfaces/http/v1/router.py,runtime_execution_ownership,bijux-proteomics-runtime,Operator-facing CLI/runtime interface entrypoints belong to canonical runtime ownership.
interfaces/http/v1/schema.py,runtime_execution_ownership,bijux-proteomics-runtime,Operator-facing CLI/runtime interface entrypoints belong to canonical runtime ownership.
interfaces/structure_reports.py,runtime_execution_ownership,bijux-proteomics-runtime,Operator-facing CLI/runtime interface entrypoints belong to canonical runtime ownership.
providers/__init__.py,runtime_execution_ownership,bijux-proteomics-runtime,Provider binding and execution adapters are runtime responsibilities.
providers/base.py,runtime_execution_ownership,bijux-proteomics-runtime,Provider binding and execution adapters are runtime responsibilities.
providers/capabilities.py,runtime_execution_ownership,bijux-proteomics-runtime,Provider binding and execution adapters are runtime responsibilities.
providers/errors.py,runtime_execution_ownership,bijux-proteomics-runtime,Provider binding and execution adapters are runtime responsibilities.
providers/experimental/__init__.py,runtime_execution_ownership,bijux-proteomics-runtime,Provider binding and execution adapters are runtime responsibilities.
providers/experimental/_async_utils.py,runtime_execution_ownership,bijux-proteomics-runtime,Provider binding and execution adapters are runtime responsibilities.
providers/experimental/colabfold.py,runtime_execution_ownership,bijux-proteomics-runtime,Provider binding and execution adapters are runtime responsibilities.
providers/experimental/openprotein.py,runtime_execution_ownership,bijux-proteomics-runtime,Provider binding and execution adapters are runtime responsibilities.
providers/heuristic.py,runtime_execution_ownership,bijux-proteomics-runtime,Provider binding and execution adapters are runtime responsibilities.
providers/local/__init__.py,runtime_execution_ownership,bijux-proteomics-runtime,Provider binding and execution adapters are runtime responsibilities.
providers/local/esmfold.py,runtime_execution_ownership,bijux-proteomics-runtime,Provider binding and execution adapters are runtime responsibilities.
providers/local/rosettafold.py,runtime_execution_ownership,bijux-proteomics-runtime,Provider binding and execution adapters are runtime responsibilities.
providers/selection.py,runtime_execution_ownership,bijux-proteomics-runtime,Provider binding and execution adapters are runtime responsibilities.
state/__init__.py,runtime_execution_ownership,bijux-proteomics-runtime,Execution snapshots and runtime state persistence are runtime-owned concerns.
state/context.py,runtime_execution_ownership,bijux-proteomics-runtime,Execution snapshots and runtime state persistence are runtime-owned concerns.
state/lifecycle.py,runtime_execution_ownership,bijux-proteomics-runtime,Execution snapshots and runtime state persistence are runtime-owned concerns.
state/output.py,runtime_execution_ownership,bijux-proteomics-runtime,Execution snapshots and runtime state persistence are runtime-owned concerns.
state/request.py,runtime_execution_ownership,bijux-proteomics-runtime,Execution snapshots and runtime state persistence are runtime-owned concerns.
state/schemas.py,runtime_execution_ownership,bijux-proteomics-runtime,Execution snapshots and runtime state persistence are runtime-owned concerns.
state/snapshot.py,runtime_execution_ownership,bijux-proteomics-runtime,Execution snapshots and runtime state persistence are runtime-owned concerns.
state/workspace.py,runtime_execution_ownership,bijux-proteomics-runtime,Execution snapshots and runtime state persistence are runtime-owned concerns.
tools/__init__.py,runtime_execution_ownership,bijux-proteomics-runtime,Tool package exports now forward directly to canonical runtime tool surfaces.
tools/base.py,runtime_execution_ownership,bijux-proteomics-runtime,Tool base contracts now forward directly to canonical runtime tool interfaces.
tools/catalog.py,runtime_support_internal_review,bijux-proteomics-runtime,Tool adapters are runtime-support surfaces pending ownership decomposition and compatibility shaping.
tools/contracts.py,runtime_support_internal_review,bijux-proteomics-runtime,Tool adapters are runtime-support surfaces pending ownership decomposition and compatibility shaping.
tools/heuristic.py,runtime_execution_ownership,bijux-proteomics-runtime,Heuristic tool execution now forwards directly to canonical runtime tool implementations.
tools/schemas.py,runtime_execution_ownership,bijux-proteomics-runtime,Tool result schemas now forward directly to canonical runtime tool contracts.
